{"cameraMode":{"drawMode":0,"name":"Shaded","section":"Shading Mode"},"sceneLighting":true,"audioPlay":false,"sceneViewState":{"showFog":true,"showMaterialUpdate":false,"showSkybox":true,"showFlares":true,"showImageEffects":true,"showParticleSystems":true,"showVisualEffectGraphs":true,"m_FxEnabled":true},"in2DMode":false,"pivot":{"x":1.3940085172653199,"y":0.8850010633468628,"z":-2.478895425796509},"rotation":{"x":0.416934996843338,"y":0.038966841995716098,"z":-0.017932044342160226,"w":0.9079329371452332},"size":2.919290542602539,"orthographic":false}