{"cameraMode":{"drawMode":0,"name":"Shaded","section":"Shading Mode"},"sceneLighting":true,"audioPlay":false,"sceneViewState":{"showFog":true,"showMaterialUpdate":false,"showSkybox":true,"showFlares":true,"showImageEffects":true,"showParticleSystems":true,"showVisualEffectGraphs":true,"m_FxEnabled":true},"in2DMode":false,"pivot":{"x":-2.3892836570739748,"y":4.5894880294799809,"z":0.47496986389160159},"rotation":{"x":-0.050995998084545138,"y":0.8212653994560242,"z":-0.07438373565673828,"w":-0.5633101463317871},"size":13.953864097595215,"orthographic":false}