{"cameraMode":{"drawMode":0,"name":"Shaded","section":"Shading Mode"},"sceneLighting":true,"audioPlay":false,"sceneViewState":{"showFog":true,"showMaterialUpdate":false,"showSkybox":true,"showFlares":true,"showImageEffects":true,"showParticleSystems":true,"showVisualEffectGraphs":true,"m_FxEnabled":true},"in2DMode":false,"pivot":{"x":-0.7533083558082581,"y":1.6164162158966065,"z":2.7427868843078615},"rotation":{"x":-0.3211324214935303,"y":-0.018153121694922448,"z":0.006198615301400423,"w":-0.9468385577201843},"size":4.086071968078613,"orthographic":false}