{"cameraMode":{"drawMode":0,"name":"Shaded","section":"Shading Mode"},"sceneLighting":false,"audioPlay":false,"sceneViewState":{"showFog":true,"showMaterialUpdate":false,"showSkybox":false,"showFlares":true,"showImageEffects":true,"showParticleSystems":true,"showVisualEffectGraphs":true,"m_FxEnabled":true},"in2DMode":false,"pivot":{"x":-1.521881103515625,"y":1.5049999952316285,"z":-5.9820075035095219},"rotation":{"x":-0.007474860176444054,"y":-0.05515346676111221,"z":0.00045001853141002357,"w":-0.9984312653541565},"size":3.4434471130371095,"orthographic":false}